{"cameraMode":{"drawMode":0,"name":"Shaded","section":"Shading Mode"},"sceneLighting":false,"audioPlay":false,"sceneViewState":{"m_AlwaysRefresh":false,"showFog":true,"showSkybox":false,"showFlares":true,"showImageEffects":true,"showParticleSystems":true,"showVisualEffectGraphs":true,"m_FxEnabled":true},"in2DMode":false,"pivot":{"x":1019.8366088867188,"y":316.2029113769531,"z":2217.684814453125},"rotation":{"x":0.060269564390182498,"y":0.010476108640432358,"z":-0.0006322124390862882,"w":0.9981288909912109},"size":1272.2225341796875,"orthographic":false}