{"cameraMode":{"drawMode":0,"name":"Shaded","section":"Shading Mode"},"sceneLighting":true,"audioPlay":false,"sceneViewState":{"m_AlwaysRefresh":false,"showFog":true,"showSkybox":true,"showFlares":true,"showImageEffects":true,"showParticleSystems":true,"showVisualEffectGraphs":true,"m_FxEnabled":true},"in2DMode":false,"pivot":{"x":-2.489065408706665,"y":-0.8207931518554688,"z":18.85041618347168},"rotation":{"x":0.004762312863022089,"y":-0.9873529672622681,"z":0.15560196340084077,"w":0.030229011550545694},"size":2.077022075653076,"orthographic":false}