{"cameraMode":{"drawMode":0,"name":"Shaded","section":"Shading Mode"},"sceneLighting":true,"audioPlay":false,"sceneViewState":{"m_AlwaysRefresh":false,"showFog":true,"showSkybox":true,"showFlares":true,"showImageEffects":true,"showParticleSystems":true,"showVisualEffectGraphs":true,"m_FxEnabled":true},"in2DMode":false,"pivot":{"x":-0.09834574908018112,"y":1.2933566570281983,"z":0.3630528151988983},"rotation":{"x":-0.00012445102038327605,"y":-0.998688817024231,"z":0.05128731578588486,"w":-0.00239047734066844},"size":2.077022075653076,"orthographic":false}