{"cameraMode":{"drawMode":0,"name":"Shaded","section":"Shading Mode"},"sceneLighting":false,"audioPlay":false,"sceneViewState":{"m_AlwaysRefresh":false,"showFog":true,"showSkybox":false,"showFlares":true,"showImageEffects":true,"showParticleSystems":true,"showVisualEffectGraphs":true,"m_FxEnabled":true},"in2DMode":false,"pivot":{"x":-0.007660508155822754,"y":1.129041075706482,"z":0.07451412081718445},"rotation":{"x":-0.11458484828472138,"y":0.2953745424747467,"z":-0.03570923954248428,"w":-0.947819709777832},"size":1.1551116704940797,"orthographic":false}