{"cameraMode":{"drawMode":0,"name":"Shaded","section":"Shading Mode"},"sceneLighting":false,"audioPlay":false,"sceneViewState":{"m_AlwaysRefresh":false,"showFog":true,"showSkybox":false,"showFlares":true,"showImageEffects":true,"showParticleSystems":true,"showVisualEffectGraphs":true,"m_FxEnabled":true},"in2DMode":false,"pivot":{"x":0.30963584780693056,"y":1.3550251722335816,"z":-0.47695308923721316},"rotation":{"x":0.004442512057721615,"y":0.9949018955230713,"z":-0.08708588033914566,"w":0.05077092722058296},"size":0.5286484956741333,"orthographic":false}