{"cameraMode":{"drawMode":0,"name":"Shaded","section":"Shading Mode"},"sceneLighting":false,"audioPlay":false,"sceneViewState":{"m_AlwaysRefresh":false,"showFog":true,"showSkybox":false,"showFlares":true,"showImageEffects":true,"showParticleSystems":true,"showVisualEffectGraphs":true,"m_FxEnabled":true},"in2DMode":false,"pivot":{"x":-1.0715070962905884,"y":-2.0389418601989748,"z":-20.647937774658204},"rotation":{"x":0.002918023383244872,"y":-0.9963375926017761,"z":0.07667887210845947,"w":0.03798602521419525},"size":12.12435531616211,"orthographic":false}