{"cameraMode":{"drawMode":0,"name":"Shaded","section":"Shading Mode"},"sceneLighting":false,"audioPlay":false,"sceneViewState":{"m_AlwaysRefresh":false,"showFog":true,"showSkybox":false,"showFlares":true,"showImageEffects":true,"showParticleSystems":true,"showVisualEffectGraphs":true,"m_FxEnabled":true},"in2DMode":false,"pivot":{"x":984.4559326171875,"y":511.0263977050781,"z":951.5971069335938},"rotation":{"x":0.0003094776184298098,"y":-0.003005056641995907,"z":9.939016081261798e-7,"w":0.9999979138374329},"size":649.1119995117188,"orthographic":false}